{
  "project_info": {
    "project_number": "39596743228",
    "firebase_url": "https://my-application-45727.firebaseio.com",
    "project_id": "my-application-45727",
    "storage_bucket": "my-application-45727.appspot.com"
  },
  "client": [
    {
      "client_info": {
        "mobilesdk_app_id": "1:39596743228:android:13c3c6a65bcbec53",
        "android_client_info": {
          "package_name": "com.example.myapplication"
        }
      },
      "oauth_client": [
        {
          "client_id": "39596743228-aiibvnl8r5g51bc90703u1hiccpdhkhp.apps.googleusercontent.com",
          "client_type": 3
        }
      ],
      "api_key": [
        {
          "current_key": "AIzaSyBnkKqN-kqoqXX5nWC1UDO4qebQbxnkAz0"
        }
      ],
      "services": {
        "analytics_service": {
          "status": 1
        },
        "appinvite_service": {
          "status": 1,
          "other_platform_oauth_client": []
        },
        "ads_service": {
          "status": 2
        }
      }
    }
  ],
  "configuration_version": "1"
}